http://images.playcanvas.com,scan2501
http://ingress-europe-west1-gcp.api.snappublisher.snapchat.com,scan2502
http://images.playcanvas.com.s3-website-eu-west-1.amazonaws.com,scan2503
https://ingress-europe-west1-gcp.api.snapchat.com,scan2504
https://ingress-staging-us-east1-aws.api.snapchat.com,scan2505
http://ingress-staging-us-east1-aws.api.snappublisher.snapchat.com,scan2506
http://ingress-ap-southeast1-aws.api.snappublisher.snapchat.com,scan2507
https://ingress-us-central1-gcp-api.sc-gw-dev.snapchat.com,scan2508
http://ingress-us-central1-gcp-api.sc-gw-dev.snappublisher.snapchat.com,scan2509
https://ingress-us-central1-gcp.api.snapchat.com,scan2510
http://ingress-us-central1-gcp.api.snappublisher.snapchat.com,scan2511
http://ingress-us-east1-aws-api.sc-gw-dev.snappublisher.snapchat.com,scan2512
https://ingress-us-east1-gcp.api.snapchat.com,scan2513
http://ingress-us-east1-gcp.api.snappublisher.snapchat.com,scan2514
https://ingress-us-east4-gcp.api.snapchat.com,scan2515
http://ingress-us-east1-aws.api.snappublisher.snapchat.com,scan2516
https://ingress-us-east1-aws.api.snapchat.com,scan2517
https://ingress-us-east1-aws-api.sc-gw-dev.snapchat.com,scan2518
http://ingress-us-west2-aws.api.snappublisher.snapchat.com,scan2519
http://int.antivirus.snappublisher.snapchat.com,scan2520
http://int.chat-gateway398-prodantivirus.snappublisher.snapchat.com,scan2521
http://ingress-us-east4-gcp.api.snappublisher.snapchat.com,scan2522
https://internal.snappublisher.snapchat.com,scan2523
https://ingress-us-west2-aws.api.snapchat.com,scan2524
https://intg.snapchat.com,scan2525
http://internal.snappublisher.snappublisher.snapchat.com,scan2526
http://investor.snappublisher.snapchat.com,scan2527
http://ingress-us-west2-aws-api.sc-gw-dev.snappublisher.snapchat.com,scan2528
http://iosbeta.snappublisher.snapchat.com,scan2529
https://iosbeta.snapchat.com,scan2530
http://ir.007-pedia-2int.ats.snappublisher.snappublisher.snapchat.com,scan2531
http://ir.007-pedia-2int.ats.snappublisher.snapchat.com,scan2532
http://ivirus.productions.snappublisher.snapchat.com,scan2533
http://ip.snappublisher.snapchat.com,scan2534
http://intg.snappublisher.snapchat.com,scan2535
http://jaguar-prod.snappublisher.snapchat.com,scan2536
https://jboss.stgi-zd-org-lookup-mybigaddondomaindev72grafanamedia.sc-corp.net,scan2537
https://jira-mx.sc-corp.net,scan2538
https://jaguar-prod.snapchat.com,scan2539
http://job-chat-gateway169-prod.snappublisher.snapchat.com,scan2540
https://jira-stage-api.sc-corp.net,scan2541
https://jira-stage.sc-corp.net,scan2542
https://jira.sc-corp.net,scan2543
https://jobsatecovib2d.games.snapchat.com,scan2544
http://investor.snapchat.com,scan2545
http://job.snappublisher.snapchat.com,scan2546
https://july.4.vellum-stg.sc-corp.net,scan2547
https://julienas-stg-partner-zd-org-lookup-mybigaddondomaindev221.sc-corp.net,scan2548
http://jaguar-prod.git.snappublisher.snapchat.com,scan2549
http://july-antivirus.snappublisher.snapchat.com,scan2550
https://july.secproxy.sc-corp.net,scan2551
http://jobs.snappublisher.snapchat.com,scan2552
https://jxlu.games.snapchat.com,scan2553
https://june.vellum-stg.sc-corp.net,scan2554
https://kit-staging.snapchat.com,scan2555
https://k4.dev27-addondomain1990-meshstaging.sc-corp.net,scan2556
https://jupyterhub-stgi-zd-org-lookup-mybigaddondomain-stgbrandstats.sc-corp.net,scan2557
http://k8s.snappublisher.snapchat.com,scan2558
https://key-master-stage.sc-corp.net,scan2559
http://kit-staging.snappublisher.snapchat.com,scan2560
http://june.snappublisher.snappublisher.snapchat.com,scan2561
http://june.snappublisher.snapchat.com,scan2562
http://jenkins.antivirus.snappublisher.snapchat.com,scan2563
http://kiteng.snappublisher.snapchat.com,scan2564
http://knowledgemanagementivirus.snappublisher.snapchat.com,scan2565
http://knowledgemanagement.snappublisher.snapchat.com,scan2566
https://kor.machine.docker.vellum-stg.sc-corp.net,scan2567
http://kor.snappublisher.snapchat.com,scan2568
http://kor.snappublisher.snappublisher.snapchat.com,scan2569
http://kr.antivirus.snappublisher.snapchat.com,scan2570
https://koronakrolow.vod.m.games.snapchat.com,scan2571
http://kr.antivirus0virus.snappublisher.snapchat.com,scan2572
http://ks-gl-api.snappublisher.snapchat.com,scan2573
http://kr.mail.antivirus.snappublisher.snapchat.com,scan2574
http://ks-limits-api.snappublisher.snapchat.com,scan2575
http://ks-inventory-api.snappublisher.snapchat.com,scan2576
http://ks-order-api.snappublisher.snapchat.com,scan2577
https://k8s-proxy.secproxy.sc-corp.net,scan2578
https://kr.cn.9.vellum-stg.sc-corp.net,scan2579
https://kr.vellum-stg.sc-corp.net,scan2580
http://ks-program-api.snappublisher.snapchat.com,scan2581
http://ks-vendingtransactions-mq2chat-gateway346-prod.snappublisher.snapchat.com,scan2582
https://key-master-prod.sc-corp.net,scan2583
https://kbicdn-stgi-zd-org-lookup-mybigaddondomain-stgbrandstats.sc-corp.net,scan2584
http://ks-invoice-api.snappublisher.snapchat.com,scan2585
http://ks-vendingtransactions-mq2.snappublisher.snapchat.com,scan2586
http://ks-vendingtransactions-mq3-chat-gateway167-prod.snappublisher.snapchat.com,scan2587
http://kubernetes.snappublisher.snapchat.com,scan2588
http://ks-vendingtransactions-mq3.snappublisher.snapchat.com,scan2589
http://ks-vendingtransactions-mq1.snappublisher.snapchat.com,scan2590
http://las.dec.snappublisher.snapchat.com,scan2591
http://las.oldantivirus.snappublisher.snapchat.com,scan2592
https://language.staging.i.vellum-stg.sc-corp.net,scan2593
https://l.sc-corp.net,scan2594
http://ks-vendingtransactions-mq0.snappublisher.snapchat.com,scan2595
http://lan.antivirus.snappublisher.snapchat.com,scan2596
http://ks-vendingtransactions-mq4.snappublisher.snapchat.com,scan2597
https://latin.vellum-stg.sc-corp.net,scan2598
http://las.antivirus.snappublisher.snapchat.com,scan2599
https://kit.snapchat.com,scan2600
http://las.snappublisher.snappublisher.snapchat.com,scan2601
http://lax1.snappublisher.snapchat.com,scan2602
https://lax1.c.vellum-stg.sc-corp.net,scan2603
http://lb.manager.antivirus.snappublisher.snapchat.com,scan2604
https://lax1.vellum-stg.sc-corp.net,scan2605
http://lax1antivirus.snappublisher.snapchat.com,scan2606
https://latin.a.vellum-stg.sc-corp.net,scan2607
http://lb.antivirus.gs.snappublisher.snapchat.com,scan2608
https://latin.b.vellum-stg.sc-corp.net,scan2609
https://lb.4.vellum-stg.sc-corp.net,scan2610
http://lb.antivirus.snappublisher.snapchat.com,scan2611
https://lavajump.games.snapchat.com,scan2612
http://lb.snappublisher.snappublisher.snapchat.com,scan2613
http://lb.snappublisher.snapchat.com,scan2614
http://learn.ads.snappublisher.snapchat.com,scan2615
http://kit.snappublisher.snapchat.com,scan2616
http://learn.advertising.snappublisher.snapchat.com,scan2617
http://lawenforcement.snappublisher.snapchat.com,scan2618
https://lego-prod.sc-corp.net,scan2619
https://lego-staging.sc-corp.net,scan2620
http://jira-dev.sc-corp.net,scan2621
https://lens-central-admin.sc-corp.net,scan2622
https://lens-automation-fe.mesh.sc-corp.net,scan2623
https://lens-cms.sc-corp.net,scan2624
https://lens-core-wasm.sc-corp.net,scan2625
https://lease.sc-corp.net,scan2626
https://lens.games.snapchat.com,scan2627
http://lens.games.snappublisher.snapchat.com,scan2628
https://learn.advertising.snapchat.com,scan2629
https://lensstudio.snapchat.com,scan2630
http://launch.playcanvas.com,scan2631
http://las.snappublisher.snapchat.com,scan2632
http://lenstudio.snappublisher.snapchat.com,scan2633
https://lenstudio.snapchat.com,scan2634
http://lawenforcement.snapchat.com,scan2635
http://lenswebbuilder.snappublisher.snapchat.com,scan2636
https://lenswebbuilder.snapchat.com,scan2637
https://leo-portal-workflow.mesh.sc-corp.net,scan2638
http://ldap.18-antivirus.snappublisher.snapchat.com,scan2639
http://ldap.18-antivirus.snappublisher.snappublisher.snapchat.com,scan2640
http://lens.sc-corp.net,scan2641
http://lensstudio.snappublisher.snapchat.com,scan2642
http://lens.snapchat.com,scan2643
http://less.api.snappublisher.snapchat.com,scan2644
http://less.snappublisher.snapchat.com,scan2645
https://less.mesh.sc-corp.net,scan2646
http://lens.snappublisher.snapchat.com,scan2647
https://link.snapchat.com,scan2648
https://less.api.snapchat.com,scan2649
http://link.snappublisher.snapchat.com,scan2650
http://lipublishers.imap.snappublisher.snapchat.com,scan2651
https://live-notification-prod.api.ranking.sc-corp.net,scan2652
https://live-notification-dev.api.search.sc-corp.net,scan2653
https://live-notification-prod.api.sc-corp.net,scan2654
https://live-notification-prod.api.search.sc-corp.net,scan2655
https://livegrep.sc-corp.net,scan2656
http://liveupdate-chat-gateway165-prod.snappublisher.snapchat.com,scan2657
http://liveupdate.snappublisher.snapchat.com,scan2658
http://liveupdate.www2.snappublisher.snapchat.com,scan2659
https://livo.games.snapchat.com,scan2660
https://lk-api.sc-corp.net,scan2661
https://lk-customerops.sc-corp.net,scan2662
https://lk-biz.sc-corp.net,scan2663
https://lk-dev-api.sc-corp.net,scan2664
https://lk-dev.sc-corp.net,scan2665
https://lk-ext.sc-corp.net,scan2666
https://lk-jira-api.sc-corp.net,scan2667
https://lk-jira-dev.sc-corp.net,scan2668
https://lk-mercury.sc-corp.net,scan2669
https://lk-rev.sc-corp.net,scan2670
https://lk-search.sc-corp.net,scan2671
https://lk-stage-api.sc-corp.net,scan2672
https://lk-stage.sc-corp.net,scan2673
https://lk-wiki-api.sc-corp.net,scan2674
http://loadbalancer.antivirus-chat-gateway285-prod.snappublisher.snapchat.com,scan2675
http://loadbalancer.antivirus.blog.snappublisher.snapchat.com,scan2676
https://lk-wiki-dev.sc-corp.net,scan2677
https://lk-wiki.sc-corp.net,scan2678
http://loadbalancer.antivirus.snappublisher.snapchat.com,scan2679
https://lk.sc-corp.net,scan2680
http://loadbalancer.antivirusacapi.snappublisher.snapchat.com,scan2681
http://localhost.snappublisher.snapchat.com,scan2682
http://lists.snappublisher.snapchat.com,scan2683
https://locksmith.sc-corp.net,scan2684
https://log.lastline.sc-corp.net,scan2685
https://live-notification-dev.api.sc-corp.net,scan2686
http://lipublishers.snappublisher.snapchat.com,scan2687
https://login.playcanvas.com,scan2688
http://login.snappublisher.snappublisher.snapchat.com,scan2689
https://login.8.vellum-stg.sc-corp.net,scan2690
https://logout.b.vellum-stg.sc-corp.net,scan2691
https://m.distance.games.snapchat.com,scan2692
https://m.distance.m.games.snapchat.com,scan2693
https://m.ladistance.mt.games.snapchat.com,scan2694
https://m.sc-corp.net,scan2695
http://login.snappublisher.snapchat.com,scan2696
http://mail1.snappublisher.snapchat.com,scan2697
http://mail2.snappublisher.snapchat.com,scan2698
http://mail2.support.snappublisher.snapchat.com,scan2699
http://mail2antivirus.pl.snappublisher.snapchat.com,scan2700
http://mailserver.snappublisher.snapchat.com,scan2701
http://machine.ml.snappublisher.snapchat.com,scan2702
https://mamaskram.games.snapchat.com,scan2703
https://login.snapchat.com,scan2704
https://malquarium-dev.sc-corp.net,scan2705
https://malquarium.sc-corp.net,scan2706
http://map.snappublisher.snapchat.com,scan2707
https://map.snapchat.com,scan2708
http://maps.snappublisher.snapchat.com,scan2709
http://lk-jira.sc-corp.net,scan2710
http://mail.antivirus.snappublisher.snapchat.com,scan2711
http://m.snappublisher.snapchat.com,scan2712
http://march-pop.snappublisher.snapchat.com,scan2713
https://maps.snapchat.com,scan2714
http://march.snappublisher.snapchat.com,scan2715
http://live-notification-dev.api.ranking.sc-corp.net,scan2716
http://marchvpnantivirus.snappublisher.snappublisher.snapchat.com,scan2717
http://marchvpnantivirus.snappublisher.snapchat.com,scan2718
http://marketingapi.snappublisher.snapchat.com,scan2719
https://masking.games.snapchat.com,scan2720
http://merchandising-preview.snappublisher.snapchat.com,scan2721
https://mdm.sc-corp.net,scan2722
https://mercury-stage.sc-corp.net,scan2723
https://merge.games.snapchat.com,scan2724
https://mercury.sc-corp.net,scan2725
http://merchantivirus.snappublisher.snapchat.com,scan2726
https://meshstagingaddondomain1990.mesh.sc-corp.net,scan2727
https://mesh.sc-corp.net,scan2728
https://marketingapi.snapchat.com,scan2729
https://metamask.games.snapchat.com,scan2730
http://metrics.snappublisher.snapchat.com,scan2731
https://middle-distance-classic.mt.games.snapchat.com,scan2732
https://metrics-prod.sc-corp.net,scan2733
https://metrics-stage.sc-corp.net,scan2734
https://mascara-tutankhamon-microsite.games.snapchat.com,scan2735
https://maskatna.games.snapchat.com,scan2736
https://metrics-beta.sc-corp.net,scan2737
https://maskingbodysuits.mt.games.snapchat.com,scan2738
https://maskkwon.mt.games.snapchat.com,scan2739
https://masksj.m.games.snapchat.com,scan2740
https://maskurmuslim.games.snapchat.com,scan2741
http://media.snappublisher.snapchat.com,scan2742
http://mobile-rest.snappublisher.snapchat.com,scan2743
http://mobile.snappublisher.snapchat.com,scan2744
http://mobileastra.snappublisher.snapchat.com,scan2745
http://ml.snappublisher.snapchat.com,scan2746
http://ml-antivirusvi.snappublisher.snapchat.com,scan2747
https://mock-email-delivery-delegate-dev.sc-corp.net,scan2748
https://mock-email-delivery-delegate-beta.sc-corp.net,scan2749
http://mongodb.chat-gateway169-prod.snappublisher.snapchat.com,scan2750
http://mongo.snappublisher.snapchat.com,scan2751
http://mongodb-jenkins.snappublisher.snapchat.com,scan2752
https://mock-email-delivery-delegate-prod.sc-corp.net,scan2753
http://mongodb.snappublisher.snapchat.com,scan2754
https://mmx.playcanvas.com,scan2755
http://monitor.snappublisher.snappublisher.snapchat.com,scan2756
https://monitor.sc-corp.net,scan2757
http://monitor.snappublisher.snapchat.com,scan2758
https://messaging.snapchat.com,scan2759
https://ml.snapchat.com,scan2760
http://messaging.snappublisher.snapchat.com,scan2761
http://mta-stsontainer.snappublisher.snapchat.com,scan2762
http://mssql.snappublisher.snapchat.com,scan2763
http://mta-sts.snappublisher.snapchat.com,scan2764
http://mail.snappublisher.snapchat.com,scan2765
http://mdm.snappublisher.snapchat.com,scan2766
http://mvm-20240424.snappublisher.snapchat.com,scan2767
https://mvm-20240424.snapchat.com,scan2768
http://mvm.mvm-20240424.snappublisher.snapchat.com,scan2769
http://mvm.snappublisher.snapchat.com,scan2770
https://mvm.mvm-20240424.snapchat.com,scan2771
http://mx.snappublisher.snapchat.com,scan2772
https://mvm.snapchat.com,scan2773
http://maryland-antivirus.aws.snappublisher.snapchat.com,scan2774
http://mx01.snappublisher.snapchat.com,scan2775
https://mw.stgteamlax-cerebellum-mybigaddondomain.sc-corp.net,scan2776
http://mx1.snappublisher.snapchat.com,scan2777
https://monitoring.sc-corp.net,scan2778
https://msg.playcanvas.com,scan2779
http://mx2-antivirus.snappublisher.snappublisher.snapchat.com,scan2780
http://mx2-antivirus.snappublisher.snapchat.com,scan2781
http://minis.snapchat.com,scan2782
http://metro.bitstrips.com,scan2783
http://my-lenses-staging.snappublisher.snapchat.com,scan2784
https://my-lenses-staging.snapchat.com,scan2785
http://mx2.snappublisher.snapchat.com,scan2786
http://minis.snappublisher.snapchat.com,scan2787
http://my-lenses.snappublisher.snapchat.com,scan2788
http://my.snappublisher.snapchat.com,scan2789
http://my.sslvpn.snappublisher.snapchat.com,scan2790
https://mybigaddondomain.gae.sc-corp.net,scan2791
https://mybigaddondomainautomationreset-web-stories.mesh.sc-corp.net,scan2792
https://mybigaddondomaincomune.snapchat-sentry-dot-entapps-web-dev.gae.sc-corp.net,scan2793
https://mybigaddondomaindev-20210929t101621-dot-dev-dot-entapps-web-dev.gae.sc-corp.net,scan2794
https://mybigaddondomaincomune.gae.sc-corp.net,scan2795
https://mybigaddondomaindevserver.staging--ftrack.mesh.sc-corp.net,scan2796
https://mybigaddondomainstg2it.appengine.builds.sc-corp.net,scan2797
https://neo4j-prod.sc-corp.net,scan2798
https://my-lenses.snapchat.com,scan2799
https://my.snapchat.com,scan2800
http://netherlands.snappublisher.snapchat.com,scan2801
http://netherlands.snappublisher.snappublisher.snapchat.com,scan2802
http://new-nodejs-dev.snappublisher.snapchat.com,scan2803
http://new.snappublisher.snapchat.com,scan2804
http://news.container.snappublisher.snapchat.com,scan2805
http://nginx-antivirus-chat-gateway299-prod.snappublisher.snapchat.com,scan2806
http://news.snappublisher.snapchat.com,scan2807
https://newsroom-staging-dot-entapps-web-dev.gae.sc-corp.net,scan2808
http://nginx-antivirus.snappublisher.snapchat.com,scan2809
http://nginx-newest.chat-gateway048-prod.snappublisher.snapchat.com,scan2810
http://nginx-newest.antivirus.us-east-1.snappublisher.snapchat.com,scan2811
http://nginx-newest1.snappublisher.snapchat.com,scan2812
http://node.antivirus.gateway362.snappublisher.snapchat.com,scan2813
http://mysql.snappublisher.snapchat.com,scan2814
http://node.antivirus.snappublisher.snapchat.com,scan2815
http://node.gateway143antivirus.snappublisher.snapchat.com,scan2816
https://mybigaddondomainstg2.gae.sc-corp.net,scan2817
http://nodejs-snapchat.snappublisher.snapchat.com,scan2818
http://nodejs-dev.snappublisher.snapchat.com,scan2819
https://neo4j-staging.sc-corp.net,scan2820
http://nodejs.adsapimus.snappublisher.snapchat.com,scan2821
http://net.antivirus.snappublisher.snapchat.com,scan2822
http://net.chat-gateway234-prod.antivirus.snappublisher.snapchat.com,scan2823
https://neo4j.sc-corp.net,scan2824
http://nodejs.snappublisher.snapchat.com,scan2825
http://non-prod.snappublisher.snapchat.com,scan2826
http://nov.snappublisher.snapchat.com,scan2827
http://nov.snappublisher.snappublisher.snapchat.com,scan2828
http://ns1.snappublisher.snapchat.com,scan2829
http://o1.mail.snappublisher.snapchat.com,scan2830
http://nodejs.snappublisher.snappublisher.snapchat.com,scan2831
http://o10.mail.snappublisher.snapchat.com,scan2832
http://o14.mail.m.snappublisher.snapchat.com,scan2833
http://o15.mail.m.snappublisher.snapchat.com,scan2834
http://ns2.snappublisher.snapchat.com,scan2835
http://nginx.snappublisher.snapchat.com,scan2836
http://nginx-newest.snappublisher.snapchat.com,scan2837
http://nl.antivirus.snappublisher.snapchat.com,scan2838
http://o17.mail15.e.snappublisher.snapchat.com,scan2839
http://o18.mail.n.snappublisher.snapchat.com,scan2840
http://o16.mail15.e.snappublisher.snapchat.com,scan2841
http://o2.mail.snappublisher.snapchat.com,scan2842
http://ns3.snappublisher.snapchat.com,scan2843
http://ns.snappublisher.snapchat.com,scan2844
http://non-prod.webattachments.snappublisher.snapchat.com,scan2845
http://ns4.snappublisher.snapchat.com,scan2846
http://ns4antivirus.7.snappublisher.snapchat.com,scan2847
http://o4.mail.snappublisher.snapchat.com,scan2848
http://o6.mail.snappublisher.snapchat.com,scan2849
http://o3.mail.snappublisher.snapchat.com,scan2850
http://o9.mail.snappublisher.snapchat.com,scan2851
http://oct.antivirusint.snappublisher.snapchat.com,scan2852
https://oceania.secproxy-dev.sc-corp.net,scan2853
https://oceandondomain1990-meshstaging.sc-corp.net,scan2854
https://oct-0.secproxy-dev.sc-corp.net,scan2855
https://oct-1.secproxy-dev.sc-corp.net,scan2856
http://oct.antivirus.snappublisher.snapchat.com,scan2857
https://oct-2.secproxy-dev.sc-corp.net,scan2858
https://oct-8.secproxy-dev.sc-corp.net,scan2859
https://oct-6.secproxy-dev.sc-corp.net,scan2860
https://oct.secproxy-dev.sc-corp.net,scan2861
https://oct1.secproxy-dev.sc-corp.net,scan2862
https://oct3.secproxy-dev.sc-corp.net,scan2863
https://oct5.secproxy-dev.sc-corp.net,scan2864
https://oct8.secproxy-dev.sc-corp.net,scan2865
http://old.snappublisher.snapchat.com,scan2866
http://okta.snappublisher.snapchat.com,scan2867
https://okr.sc-corp.net,scan2868
http://office.snappublisher.snapchat.com,scan2869
http://oldantivirus.snappublisher.snapchat.com,scan2870
http://oldantivirus.snappublisher.snappublisher.snapchat.com,scan2871
https://okta-preview.sc-corp.net,scan2872
https://ops.oauth2-stgv14-minion.assets.snapengine-builder-3addondomain1990.sc-corp.net,scan2873
https://opsadministrator-us-east-2.stgv1.addondomain1990-meshstaging.sc-corp.net,scan2874
http://orders.gateway286.snappublisher.snapchat.com,scan2875
http://orders.snappublisher.snapchat.com,scan2876
https://opseltanin.stgi-zd-mybigaddondomain.sc-corp.net,scan2877
https://orca.sc-corp.net,scan2878
https://olympus-staging.secproxy.sc-corp.net,scan2879
http://outlook.snappublisher.snappublisher.snapchat.com,scan2880
http://outlook.snappublisher.snapchat.com,scan2881
http://omnicollector.snappublisher.snapchat.com,scan2882
http://pandemicflu.snappublisher.snapchat.com,scan2883
https://orders.spectacles.com,scan2884
http://parents.snappublisher.snapchat.com,scan2885
https://parents.snapchat.com,scan2886
http://owa.snappublisher.snapchat.com,scan2887
http://partnerhub-api.snappublisher.snapchat.com,scan2888
http://partnerhubideo.snappublisher.snapchat.com,scan2889
http://partners-api.snappublisher.snapchat.com,scan2890
http://partners-api.snapchat.com,scan2891
http://partnership.snappublisher.snapchat.com,scan2892
http://passounts.snappublisher.snapchat.com,scan2893
http://pay-node.antivirus.snappublisher.snapchat.com,scan2894
http://partnership.snapchat.com,scan2895
https://pc-4.secproxy-dev.sc-corp.net,scan2896
https://pc0.secproxy-dev.sc-corp.net,scan2897
http://perception-dev.snappublisher.snapchat.com,scan2898
https://perf.sc-corp.net,scan2899
https://ph.sc-corp.net,scan2900
https://pc-6.secproxy-dev.sc-corp.net,scan2901
http://partnerhub-api.snapchat.com,scan2902
https://pc.secproxy-dev.sc-corp.net,scan2903
http://perception.snappublisher.snapchat.com,scan2904
http://partners.snappublisher.snapchat.com,scan2905
http://partners.snapchat.com,scan2906
http://pl.snappublisher.snappublisher.snapchat.com,scan2907
http://pl.snappublisher.snapchat.com,scan2908
http://places.snappublisher.snapchat.com,scan2909
http://places.snapchat.com,scan2910
http://play.snappublisher.snapchat.com,scan2911
http://poland-snapcamera.snappublisher.snapchat.com,scan2912
https://playcanvas.com,scan2913
http://poland.snappublisher.snapchat.com,scan2914
https://pln-pl.orders.spectacles.com,scan2915
http://poland.snappublisher.snappublisher.snapchat.com,scan2916
http://plusks-program-api.snappublisher.snapchat.com,scan2917
https://pns.pnsdondomain1990-meshstaging.sc-corp.net,scan2918
https://playcanv.as,scan2919
https://play.snapchat.com,scan2920
http://polling-dev.games.snappublisher.snapchat.com,scan2921
http://pop3.snappublisher.snapchat.com,scan2922
http://pre.snappublisher.snapchat.com,scan2923
http://pqka.snappublisher.snapchat.com,scan2924
http://pqka.snappublisher.snappublisher.snapchat.com,scan2925
https://pixel.games.snapchat.com,scan2926
https://precinct-service.gae.sc-corp.net,scan2927
http://premium-stories.snappublisher.snapchat.com,scan2928
https://premium-stories.snapchat.com,scan2929
http://pre-prod.snappublisher.snapchat.com,scan2930
http://pc5.secproxy-dev.sc-corp.net,scan2931
https://polling-dev.games.snapchat.com,scan2932
http://pop.snappublisher.snapchat.com,scan2933
http://phone.playcanvas.com,scan2934
https://preproduction-dot-snap-central.snapchat.com,scan2935
http://preproduction-dot-snap-profile-manager.snappublisher.snapchat.com,scan2936
http://portal.chat-gateway299-prod-dns1.snappublisher.snapchat.com,scan2937
https://preproduction-dot-snap-profile-manager.snapchat.com,scan2938
https://preview.bitmoji.com,scan2939
http://preproduction-dot-snap-central.snappublisher.snapchat.com,scan2940
http://private-antivirus.snappublisher.snapchat.com,scan2941
http://preview.snappublisher.snapchat.com,scan2942
http://pro-accounts.snappublisher.snapchat.com,scan2943
http://priv.snappublisher.snappublisher.snapchat.com,scan2944
http://priv.snappublisher.snapchat.com,scan2945
http://pro-insights.snappublisher.snapchat.com,scan2946
http://pro-stories.loadbalancer.antivirus.snappublisher.snapchat.com,scan2947
https://pro-accounts.snapchat.com,scan2948
https://pro-insights.snapchat.com,scan2949
https://pro-stories.snapchat.com,scan2950
http://portal.snappublisher.snapchat.com,scan2951
http://postmaster.snappublisher.snapchat.com,scan2952
https://prodengineering-tp-fleet-dev-mybigaddondomaindevserverstgamigo.sc-corp.net,scan2953
https://prodtschnarr.stgi-zd-mybigaddondomain.sc-corp.net,scan2954
http://pro-stories.snappublisher.snapchat.com,scan2955
http://preproduction-dot-softserve.snappublisher.snapchat.com,scan2956
http://profile-preprod.snappublisher.snapchat.com,scan2957
http://prod.antivirus.snappublisher.snapchat.com,scan2958
http://popdogfood-dev.snappublisher.snapchat.com,scan2959
http://pro2011santivirus.snappublisher.snapchat.com,scan2960
https://profile-preprod.snapchat.com,scan2961
http://profileks-vendingtransactions-mq0.snappublisher.snapchat.com,scan2962
https://profile.snapchat.com,scan2963
http://profilesantivirus.snappublisher.snapchat.com,scan2964
http://profile.snappublisher.snapchat.com,scan2965
http://promotions.snappublisher.snapchat.com,scan2966
http://proxy.snappublisher.snapchat.com,scan2967
https://pubicstaticvoidmain.games.snapchat.com,scan2968
https://publicvoidlife.m.games.snapchat.com,scan2969
https://production-consalta.api3addondomain1990mock-campaign-management-dev.sc-corp.net,scan2970
http://puppy.snappublisher.snappublisher.snapchat.com,scan2971
http://puppy.snappublisher.snapchat.com,scan2972
http://publishing-catalog.snappublisher.snapchat.com,scan2973
https://pushdondomain1990-meshstaging.sc-corp.net,scan2974
http://prodradio1.build-stgtest1-zd-org-lookup-addondomain-automation2014.sc-corp.net,scan2975
https://quarter-virus.games.snapchat.com,scan2976
http://publishing-preview.snappublisher.snapchat.com,scan2977
https://recvoid.mt.games.snapchat.com,scan2978
https://q-connect.sc-corp.net,scan2979
http://redirector.sbs.snappublisher.snapchat.com,scan2980
http://realserver.antivirus.cms1.snappublisher.snapchat.com,scan2981
https://qanda.sc-corp.net,scan2982
https://quest.sc-corp.net,scan2983
http://profiles-api-devupload.snappublisher.snapchat.com,scan2984
http://redirector.sbs-dns1.snappublisher.snapchat.com,scan2985
http://redirector.snappublisher.snapchat.com,scan2986
http://redirector.snappublisher.snappublisher.snapchat.com,scan2987
https://redirectvirusgoogle.games.snapchat.com,scan2988
http://promo.snappublisher.snapchat.com,scan2989
http://publish.snappublisher.snapchat.com,scan2990
http://region.snappublisher.snapchat.com,scan2991
http://region.snappublisher.snappublisher.snapchat.com,scan2992
https://relay.playcanvas.com,scan2993
http://publish.snapchat.com,scan2994
http://remote.snappublisher.snapchat.com,scan2995
https://render.bitstrips.com,scan2996
http://retail.snappublisher.snapchat.com,scan2997
https://restfulgit.sc-corp.net,scan2998
https://rkkf.games.snapchat.com,scan2999
https://returns.spectacles.com,scan3000
